20237300,Nguyen Van An,0
20237301,Tran Thi Binh,0
20237302,Le Van Cuong,0
20237303,Pham Thi Dao,0
20237304,Hoang Van Em,0
20237305,Do Thi Phuong,0
20237306,Nguyen Van Giang,0
20237307,Tran Thi Hoa,0
20237308,Le Van Hung,0
20237309,Pham Thi Hien,0
20237310,Hoang Van Khoa,0
20237311,Do Thi Lan,0
20237312,Nguyen Van Minh,0
20237313,Tran Thi Mai,0
20237314,Le Van Nam,0
20237315,Pham Thi Nga,0
20237316,Hoang Van Phat,0
20237317,Do Thi Quyen,0
20237318,Nguyen Van Quang,0
20237319,Tran Thi Son,0
20237320,Le Van Sang,0
20237321,Pham Thi Tam,0
20237322,Hoang Van Tien,0
20237323,Do Thi Thu,0
20237324,Nguyen Van Thanh,0
20237325,Tran Thi Uyen,0
20237326,Le Van Viet,0
20237327,Pham Thi Xuan,0
20237328,Hoang Van Yen,0
20237329,Do Thi Dao,0
20237330,Nguyen Van Bao,0
20237331,Tran Thi Cam,0
20237332,Le Van Duy,0
20237333,Pham Thi Giang,0
20237334,Hoang Van Hieu,0
20237335,Do Thi Kieu,0
20237336,Nguyen Van Long,0
20237337,Tran Thi My,0
20237338,Le Van Phuc,0
20237339,Pham Thi Quynh,0
20237340,Hoang Van Son,0
20237341,Do Thi Thao,0
20237342,Nguyen Van Truong,0
20237343,Tran Thi Van,0
20237344,Le Van Xuan,0
20237345,Pham Thi Yen,0
20237346,Hoang Van Bao,0
20237347,Do Thi Chau,0
20237348,Nguyen Van Dinh,0
20237349,Tran Thi Giang,0